Subreddit,CHI Score,Subscribers,Posts,Members Factor,Content Factor,Traffic Factor,Responsiveness,Interaction,Health Grade
TwoXChromosomes,729.1591473,13624928,100,7.134334216,557.8358375,3.844756054,10,10,B
lgbt,725.435586,1191329,100,6.076031714,586.7179238,3.970349201,10,10,B
personalfinance,716.6632438,21260684,100,7.327577233,469.1815016,3.426322538,10,10,B
seattle,715.8765503,725639,100,5.860720616,538.3984026,3.672171774,10,10,B
Parenting,709.9231148,8160969,100,6.911741728,490.9395546,3.481484193,8.659158214,10,B
sysadmin,709.6166849,1118631,100,6.048686851,476.7089046,3.524970906,10,10,B
depression,683.0276664,1092824,100,6.038550224,437.3996384,2.955461647,10,7.463028876,B
consulting,665.2202465,325373,100,5.512381512,428.8472801,2.781151968,10,6.103785575,B
productmanagement,661.8809139,216016,100,5.33448592,397.799781,2.765109497,10,6.377330144,B
AskHR,647.9242261,1807954,100,6.257187376,345.3929592,2.519171464,10,5.131909613,B
Entrepreneurship,629.8006383,92032,100,4.96393886,359.7695186,2.426998959,10,4.411122306,B
datascience,605.8956907,2684000,100,6.428782511,418.2414652,2.795101063,2.613664397,5.901312513,B
MLQuestions,560.9666549,80512,100,4.905860615,306.4457989,2.093876755,4.129096911,3.482017295,C
farming,554.5468958,191849,100,5.28295954,402.6369812,2.633458356,1.452944373,4.861588081,C
iCheckMovies,0,635,1,2.802773725,0.698970004,0.919078092,0.564074119,1.732050808,F
True_Anarchy,0,21,1,1.322219295,0,0,1,0,F