Subreddit,CHI Score,Subscribers,Posts,Members Factor,Content Factor,Traffic Factor,Responsiveness,Interaction,Liveliness,Health Grade
r/TwoXChromosomes,729.3019775014019,13623750,100,7.134296665590433,559.8355994989097,3.8425137592079044,10.0,10.0,2.779654830900003,B
r/lgbt,724.9977082419599,1193730,100,6.076906108392933,584.2155364465884,3.9504062369683086,10.0,10.0,2.779654830900003,B
r/personalfinance,717.3282031954143,21290077,100,7.328177232157657,472.13818777919397,3.4523078895681043,10.0,10.0,2.779654830900003,B
r/Parenting,716.515653969007,8161533,100,6.911771740973217,492.00867855543333,3.4532311665611366,10.0,10.0,2.779654830900003,B
r/seattle,715.6162177553871,727472,100,5.8618162822221915,536.7851442229447,3.6625066235378996,10.0,10.0,2.779654830900003,B
r/sysadmin,709.6815517475152,1130219,100,6.053162603904896,476.1875239017848,3.5310124387086352,10.0,10.0,2.779654830900003,B
r/depression,680.7926345666622,1094517,100,6.039222511403134,434.8382756417916,2.9312340547454756,10.0,7.222271110945642,2.779654830900003,B
r/consulting,668.5289612272664,326764,100,5.5142342037277015,424.5759355967277,2.81297348556229,10.0,6.530387009545403,2.779654830900003,B
r/productmanagement,660.0327050502019,217726,100,5.337910293911556,386.6523625532844,2.7357824780452664,10.0,6.375774462761367,2.779654830900003,B
r/AskHR,655.5593599017607,1807804,100,6.257151342990736,349.996186559619,2.5984731480165797,10.0,5.760782378362859,2.779654830900003,B
r/Entrepreneurship,609.8062979638439,94898,100,4.977257059654725,306.4832219738574,2.236612828199769,10.0,3.687356776879612,2.779654830900003,B
r/datascience,594.490701709254,2685203,94,6.428977123721701,386.414416112484,2.727039152402883,2.587533019480427,5.501094949795089,2.6317177463826242,C
r/farming,539.5821473594947,192340,100,5.284069611710083,394.507448847873,2.4974687237099666,1.3475755476953726,4.123105625617661,2.779654830900003,C
r/MLQuestions,527.6464446924602,81243,100,4.909785951899068,302.3252459633711,2.05922251252969,2.2615650784197694,3.259459957950981,2.779654830900003,C
r/iCheckMovies,0.0,634,1,2.802089257881733,0.7781512503836436,0.9684829485539351,0.5640741193392812,1.7320508075688772,0.02970870704853284,F
r/True_Anarchy,0.0,21,1,1.3222192947339193,0.0,0.0,1.0,0.0,0.02970870704853284,F
