Subreddit,CHI Score,Subscribers,Posts,Members Factor,Content Factor,Traffic Factor,Responsiveness,Interaction,Health Grade
AskHR,652.9242261,1810000,100,6.257187376,348.3929592,2.519171464,10.2,5.231909613,B
Parenting,714.9231148,8200000,100,6.911741728,495.9395546,3.481484193,8.759158214,10.1,B
Seattle,720.8765503,730000,100,5.860720616,543.3984026,3.672171774,10.1,10.05,B
TwoXChromosomes,734.1591473,13700000,100,7.134334216,562.8358375,3.844756054,10.05,10.02,B
consulting,670.2202465,328000,100,5.512381512,433.8472801,2.781151968,10.1,6.203785575,B
datascience,610.8956907,2700000,100,6.428782511,423.2414652,2.795101063,2.713664397,5.901312513,B
depression,688.0276664,1100000,100,6.038550224,442.3996384,2.955461647,10.05,7.563028876,B
iCheckMovies,5,640,1,2.802773725,0.798970004,0.919078092,0.664074119,1.832050808,F
sysadmin,714.6166849,1125000,100,6.048686851,481.7089046,3.524970906,10.02,10.05,B
MLQuestions,565.9666549,81000,100,4.905860615,311.4457989,2.093876755,4.229096911,3.582017295,C
ProductManagement,666.8809139,2685000,100,6.428782511,423.2414652,2.795101063,2.713664397,6.477330144,B
farming,559.5468958,193000,100,5.28295954,407.6369812,2.633458356,1.552944373,4.961588081,C
personalfinance,721.6632438,21400000,100,7.327577233,474.1815016,3.426322538,10.02,10.05,B
lgbt,730.435586,1200000,100,6.076031714,591.7179238,3.970349201,10.05,10.02,B
Entrepreneurship,634.8006383,92500,100,4.96393886,364.7695186,2.426998959,10.05,4.511122306,B
True_Anarchy,2,22,1,1.322219295,0.1,0.1,1.05,0.1,F 